"Atlanta, GA Wholesaler"
"Atlanta, GA Wolesale Grocer"
"Atlanta, GA Distribution Service"
"Augusta-Richmond County, GA Wholesaler"
"Augusta-Richmond County, GA Wolesale Grocer"
"Augusta-Richmond County, GA Distribution Service"
"Columbus, GA Wholesaler"
"Columbus, GA Wolesale Grocer"
"Columbus, GA Distribution Service"
"Macon-Bibb County, GA Wholesaler"
"Macon-Bibb County, GA Wolesale Grocer"
"Macon-Bibb County, GA Distribution Service"
"Savannah, GA Wholesaler"
"Savannah, GA Wolesale Grocer"
"Savannah, GA Distribution Service"
"Athens-Clarke County, GA Wholesaler"
"Athens-Clarke County, GA Wolesale Grocer"
"Athens-Clarke County, GA Distribution Service"
"South Fulton, GA Wholesaler"
"South Fulton, GA Wolesale Grocer"
"South Fulton, GA Distribution Service"
"Sandy Springs, GA Wholesaler"
"Sandy Springs, GA Wolesale Grocer"
"Sandy Springs, GA Distribution Service"
"Roswell, GA Wholesaler"
"Roswell, GA Wolesale Grocer"
"Roswell, GA Distribution Service"
"Johns Creek, GA Wholesaler"
"Johns Creek, GA Wolesale Grocer"
"Johns Creek, GA Distribution Service"
"Warner Robins, GA Wholesaler"
"Warner Robins, GA Wolesale Grocer"
"Warner Robins, GA Distribution Service"
"Albany, GA Wholesaler"
"Albany, GA Wolesale Grocer"
"Albany, GA Distribution Service"
"Alpharetta, GA Wholesaler"
"Alpharetta, GA Wolesale Grocer"
"Alpharetta, GA Distribution Service"
"Marietta, GA Wholesaler"
"Marietta, GA Wolesale Grocer"
"Marietta, GA Distribution Service"
"Stonecrest, GA Wholesaler"
"Stonecrest, GA Wolesale Grocer"
"Stonecrest, GA Distribution Service"
"Smyrna, GA Wholesaler"
"Smyrna, GA Wolesale Grocer"
"Smyrna, GA Distribution Service"
"Valdosta, GA Wholesaler"
"Valdosta, GA Wolesale Grocer"
"Valdosta, GA Distribution Service"
"Brookhaven, GA Wholesaler"
"Brookhaven, GA Wolesale Grocer"
"Brookhaven, GA Distribution Service"
"Dunwoody, GA Wholesaler"
"Dunwoody, GA Wolesale Grocer"
"Dunwoody, GA Distribution Service"
"Gainesville, GA Wholesaler"
"Gainesville, GA Wolesale Grocer"
"Gainesville, GA Distribution Service"
"Newnan, GA Wholesaler"
"Newnan, GA Wolesale Grocer"
"Newnan, GA Distribution Service"
"Peachtree Corners, GA Wholesaler"
"Peachtree Corners, GA Wolesale Grocer"
"Peachtree Corners, GA Distribution Service"
"Mableton, GA Wholesaler"
"Mableton, GA Wolesale Grocer"
"Mableton, GA Distribution Service"
"Milton, GA Wholesaler"
"Milton, GA Wolesale Grocer"
"Milton, GA Distribution Service"
"Peachtree City, GA Wholesaler"
"Peachtree City, GA Wolesale Grocer"
"Peachtree City, GA Distribution Service"
"Evans, GA Wholesaler"
"Evans, GA Wolesale Grocer"
"Evans, GA Distribution Service"
"East Point, GA Wholesaler"
"East Point, GA Wolesale Grocer"
"East Point, GA Distribution Service"
"Rome, GA Wholesaler"
"Rome, GA Wolesale Grocer"
"Rome, GA Distribution Service"
"Tucker, GA Wholesaler"
"Tucker, GA Wolesale Grocer"
"Tucker, GA Distribution Service"
"Woodstock, GA Wholesaler"
"Woodstock, GA Wolesale Grocer"
"Woodstock, GA Distribution Service"
"Douglasville, GA Wholesaler"
"Douglasville, GA Wolesale Grocer"
"Douglasville, GA Distribution Service"
"Hinesville, GA Wholesaler"
"Hinesville, GA Wolesale Grocer"
"Hinesville, GA Distribution Service"
"Martinez, GA Wholesaler"
"Martinez, GA Wolesale Grocer"
"Martinez, GA Distribution Service"
"Redan, GA Wholesaler"
"Redan, GA Wolesale Grocer"
"Redan, GA Distribution Service"
"Canton, GA Wholesaler"
"Canton, GA Wolesale Grocer"
"Canton, GA Distribution Service"
"Dalton, GA Wholesaler"
"Dalton, GA Wolesale Grocer"
"Dalton, GA Distribution Service"
"Statesboro, GA Wholesaler"
"Statesboro, GA Wolesale Grocer"
"Statesboro, GA Distribution Service"
"Kennesaw, GA Wholesaler"
"Kennesaw, GA Wolesale Grocer"
"Kennesaw, GA Distribution Service"
"Duluth, GA Wholesaler"
"Duluth, GA Wolesale Grocer"
"Duluth, GA Distribution Service"
"LaGrange, GA Wholesaler"
"LaGrange, GA Wolesale Grocer"
"LaGrange, GA Distribution Service"
"Lawrenceville, GA Wholesaler"
"Lawrenceville, GA Wolesale Grocer"
"Lawrenceville, GA Distribution Service"
"McDonough, GA Wholesaler"
"McDonough, GA Wolesale Grocer"
"McDonough, GA Distribution Service"
"Chamblee, GA Wholesaler"
"Chamblee, GA Wolesale Grocer"
"Chamblee, GA Distribution Service"
"Stockbridge, GA Wholesaler"
"Stockbridge, GA Wolesale Grocer"
"Stockbridge, GA Distribution Service"
"Carrollton, GA Wholesaler"
"Carrollton, GA Wolesale Grocer"
"Carrollton, GA Distribution Service"
"Union City, GA Wholesaler"
"Union City, GA Wolesale Grocer"
"Union City, GA Distribution Service"
"Pooler, GA Wholesaler"
"Pooler, GA Wolesale Grocer"
"Pooler, GA Distribution Service"
"Sugar Hill, GA Wholesaler"
"Sugar Hill, GA Wolesale Grocer"
"Sugar Hill, GA Distribution Service"
"Decatur, GA Wholesaler"
"Decatur, GA Wolesale Grocer"
"Decatur, GA Distribution Service"
"Candler-McAfee, GA Wholesaler"
"Candler-McAfee, GA Wolesale Grocer"
"Candler-McAfee, GA Distribution Service"
"Griffin, GA Wholesaler"
"Griffin, GA Wolesale Grocer"
"Griffin, GA Distribution Service"
"Cartersville, GA Wholesaler"
"Cartersville, GA Wolesale Grocer"
"Cartersville, GA Distribution Service"
"Acworth, GA Wholesaler"
"Acworth, GA Wolesale Grocer"
"Acworth, GA Distribution Service"
"Perry, GA Wholesaler"
"Perry, GA Wolesale Grocer"
"Perry, GA Distribution Service"
"Suwanee, GA Wholesaler"
"Suwanee, GA Wolesale Grocer"
"Suwanee, GA Distribution Service"
"Snellville, GA Wholesaler"
"Snellville, GA Wolesale Grocer"
"Snellville, GA Distribution Service"
"Forest Park, GA Wholesaler"
"Forest Park, GA Wolesale Grocer"
"Forest Park, GA Distribution Service"
"Fayetteville, GA Wholesaler"
"Fayetteville, GA Wolesale Grocer"
"Fayetteville, GA Distribution Service"
"Kingsland, GA Wholesaler"
"Kingsland, GA Wolesale Grocer"
"Kingsland, GA Distribution Service"
"Thomasville, GA Wholesaler"
"Thomasville, GA Wolesale Grocer"
"Thomasville, GA Distribution Service"
"Winder, GA Wholesaler"
"Winder, GA Wolesale Grocer"
"Winder, GA Distribution Service"
"St. Marys, GA Wholesaler"
"St. Marys, GA Wolesale Grocer"
"St. Marys, GA Distribution Service"
"North Druid Hills, GA Wholesaler"
"North Druid Hills, GA Wolesale Grocer"
"North Druid Hills, GA Distribution Service"
"Villa Rica, GA Wholesaler"
"Villa Rica, GA Wolesale Grocer"
"Villa Rica, GA Distribution Service"
"Buford, GA Wholesaler"
"Buford, GA Wolesale Grocer"
"Buford, GA Distribution Service"
"Norcross, GA Wholesaler"
"Norcross, GA Wolesale Grocer"
"Norcross, GA Distribution Service"
"Richmond Hill, GA Wholesaler"
"Richmond Hill, GA Wolesale Grocer"
"Richmond Hill, GA Distribution Service"
"Lithia Springs, GA Wholesaler"
"Lithia Springs, GA Wolesale Grocer"
"Lithia Springs, GA Distribution Service"
"Conyers, GA Wholesaler"
"Conyers, GA Wolesale Grocer"
"Conyers, GA Distribution Service"
"Holly Springs, GA Wholesaler"
"Holly Springs, GA Wolesale Grocer"
"Holly Springs, GA Distribution Service"
"Calhoun, GA Wholesaler"
"Calhoun, GA Wolesale Grocer"
"Calhoun, GA Distribution Service"
"Tifton, GA Wholesaler"
"Tifton, GA Wolesale Grocer"
"Tifton, GA Distribution Service"
"Milledgeville, GA Wholesaler"
"Milledgeville, GA Wolesale Grocer"
"Milledgeville, GA Distribution Service"
"Powder Springs, GA Wholesaler"
"Powder Springs, GA Wolesale Grocer"
"Powder Springs, GA Distribution Service"
"Fairburn, GA Wholesaler"
"Fairburn, GA Wolesale Grocer"
"Fairburn, GA Distribution Service"
"Grovetown, GA Wholesaler"
"Grovetown, GA Wolesale Grocer"
"Grovetown, GA Distribution Service"
"Dublin, GA Wholesaler"
"Dublin, GA Wolesale Grocer"
"Dublin, GA Distribution Service"
"Americus, GA Wholesaler"
"Americus, GA Wolesale Grocer"
"Americus, GA Distribution Service"
"North Decatur, GA Wholesaler"
"North Decatur, GA Wolesale Grocer"
"North Decatur, GA Distribution Service"
"Wilmington Island, GA Wholesaler"
"Wilmington Island, GA Wolesale Grocer"
"Wilmington Island, GA Distribution Service"
"St. Simons, GA Wholesaler"
"St. Simons, GA Wolesale Grocer"
"St. Simons, GA Distribution Service"
"Monroe, GA Wholesaler"
"Monroe, GA Wolesale Grocer"
"Monroe, GA Distribution Service"
"Lilburn, GA Wholesaler"
"Lilburn, GA Wolesale Grocer"
"Lilburn, GA Distribution Service"
"Belvedere Park, GA Wholesaler"
"Belvedere Park, GA Wolesale Grocer"
"Belvedere Park, GA Distribution Service"
"Riverdale, GA Wholesaler"
"Riverdale, GA Wolesale Grocer"
"Riverdale, GA Distribution Service"
"Loganville, GA Wholesaler"
"Loganville, GA Wolesale Grocer"
"Loganville, GA Distribution Service"
"Brunswick, GA Wholesaler"
"Brunswick, GA Wolesale Grocer"
"Brunswick, GA Distribution Service"
"Moultrie, GA Wholesaler"
"Moultrie, GA Wolesale Grocer"
"Moultrie, GA Distribution Service"
"Clarkston, GA Wholesaler"
"Clarkston, GA Wolesale Grocer"
"Clarkston, GA Distribution Service"
"Dallas, GA Wholesaler"
"Dallas, GA Wolesale Grocer"
"Dallas, GA Distribution Service"
"Covington, GA Wholesaler"
"Covington, GA Wolesale Grocer"
"Covington, GA Distribution Service"
"Braselton, GA Wholesaler"
"Braselton, GA Wolesale Grocer"
"Braselton, GA Distribution Service"
"Bainbridge, GA Wholesaler"
"Bainbridge, GA Wolesale Grocer"
"Bainbridge, GA Distribution Service"
"Jefferson, GA Wholesaler"
"Jefferson, GA Wolesale Grocer"
"Jefferson, GA Distribution Service"
"College Park, GA Wholesaler"
"College Park, GA Wolesale Grocer"
"College Park, GA Distribution Service"
"Waycross, GA Wholesaler"
"Waycross, GA Wolesale Grocer"
"Waycross, GA Distribution Service"
"Mountain Park CDP, GA Wholesaler"
"Mountain Park CDP, GA Wolesale Grocer"
"Mountain Park CDP, GA Distribution Service"
"Vinings, GA Wholesaler"
"Vinings, GA Wolesale Grocer"
"Vinings, GA Distribution Service"
"Georgetown, GA Wholesaler"
"Georgetown, GA Wolesale Grocer"
"Georgetown, GA Distribution Service"
"Port Wentworth, GA Wholesaler"
"Port Wentworth, GA Wolesale Grocer"
"Port Wentworth, GA Distribution Service"
"Douglas, GA Wholesaler"
"Douglas, GA Wolesale Grocer"
"Douglas, GA Distribution Service"
"Lovejoy, GA Wholesaler"
"Lovejoy, GA Wolesale Grocer"
"Lovejoy, GA Distribution Service"
"Scottdale, GA Wholesaler"
"Scottdale, GA Wolesale Grocer"
"Scottdale, GA Distribution Service"
"Rincon, GA Wholesaler"
"Rincon, GA Wolesale Grocer"
"Rincon, GA Distribution Service"
"Doraville, GA Wholesaler"
"Doraville, GA Wolesale Grocer"
"Doraville, GA Distribution Service"
"Vidalia, GA Wholesaler"
"Vidalia, GA Wolesale Grocer"
"Vidalia, GA Distribution Service"
"Fort Oglethorpe, GA Wholesaler"
"Fort Oglethorpe, GA Wolesale Grocer"
"Fort Oglethorpe, GA Distribution Service"
"Garden City, GA Wholesaler"
"Garden City, GA Wolesale Grocer"
"Garden City, GA Distribution Service"
"Cedartown, GA Wholesaler"
"Cedartown, GA Wolesale Grocer"
"Cedartown, GA Distribution Service"
"Panthersville, GA Wholesaler"
"Panthersville, GA Wolesale Grocer"
"Panthersville, GA Distribution Service"
"Flowery Branch, GA Wholesaler"
"Flowery Branch, GA Wolesale Grocer"
"Flowery Branch, GA Distribution Service"
"Cordele, GA Wholesaler"
"Cordele, GA Wolesale Grocer"
"Cordele, GA Distribution Service"
"Cairo, GA Wholesaler"
"Cairo, GA Wolesale Grocer"
"Cairo, GA Distribution Service"
"Jesup, GA Wholesaler"
"Jesup, GA Wolesale Grocer"
"Jesup, GA Distribution Service"
"Fort Stewart, GA Wholesaler"
"Fort Stewart, GA Wolesale Grocer"
"Fort Stewart, GA Distribution Service"
"Thomaston, GA Wholesaler"
"Thomaston, GA Wolesale Grocer"
"Thomaston, GA Distribution Service"
"Locust Grove, GA Wholesaler"
"Locust Grove, GA Wolesale Grocer"
"Locust Grove, GA Distribution Service"
"Fair Oaks, GA Wholesaler"
"Fair Oaks, GA Wolesale Grocer"
"Fair Oaks, GA Distribution Service"
"Country Club Estates, GA Wholesaler"
"Country Club Estates, GA Wolesale Grocer"
"Country Club Estates, GA Distribution Service"
"Toccoa, GA Wholesaler"
"Toccoa, GA Wolesale Grocer"
"Toccoa, GA Distribution Service"
"Gresham Park, GA Wholesaler"
"Gresham Park, GA Wolesale Grocer"
"Gresham Park, GA Distribution Service"
"Cusseta-Chattahoochee County, GA Wholesaler"
"Cusseta-Chattahoochee County, GA Wolesale Grocer"
"Cusseta-Chattahoochee County, GA Distribution Service"
"Fitzgerald, GA Wholesaler"
"Fitzgerald, GA Wolesale Grocer"
"Fitzgerald, GA Distribution Service"
"Fort Valley, GA Wholesaler"
"Fort Valley, GA Wolesale Grocer"
"Fort Valley, GA Distribution Service"
"Skidaway Island, GA Wholesaler"
"Skidaway Island, GA Wolesale Grocer"
"Skidaway Island, GA Distribution Service"
"Bemiss, GA Wholesaler"
"Bemiss, GA Wolesale Grocer"
"Bemiss, GA Distribution Service"
"Druid Hills, GA Wholesaler"
"Druid Hills, GA Wolesale Grocer"
"Druid Hills, GA Distribution Service"
"Hampton, GA Wholesaler"
"Hampton, GA Wolesale Grocer"
"Hampton, GA Distribution Service"
"Centerville, GA Wholesaler"
"Centerville, GA Wolesale Grocer"
"Centerville, GA Distribution Service"
"Irondale, GA Wholesaler"
"Irondale, GA Wolesale Grocer"
"Irondale, GA Distribution Service"
"Auburn, GA Wholesaler"
"Auburn, GA Wolesale Grocer"
"Auburn, GA Distribution Service"
"Tyrone, GA Wholesaler"
"Tyrone, GA Wolesale Grocer"
"Tyrone, GA Distribution Service"
"Austell, GA Wholesaler"
"Austell, GA Wolesale Grocer"
"Austell, GA Distribution Service"
"Commerce, GA Wholesaler"
"Commerce, GA Wolesale Grocer"
"Commerce, GA Distribution Service"
"Dock Junction, GA Wholesaler"
"Dock Junction, GA Wolesale Grocer"
"Dock Junction, GA Distribution Service"
"Bremen, GA Wholesaler"
"Bremen, GA Wolesale Grocer"
"Bremen, GA Distribution Service"
"Swainsboro, GA Wholesaler"
"Swainsboro, GA Wolesale Grocer"
"Swainsboro, GA Distribution Service"
"Whitemarsh Island, GA Wholesaler"
"Whitemarsh Island, GA Wolesale Grocer"
"Whitemarsh Island, GA Distribution Service"
"Cumming, GA Wholesaler"
"Cumming, GA Wolesale Grocer"
"Cumming, GA Distribution Service"
"Dacula, GA Wholesaler"
"Dacula, GA Wolesale Grocer"
"Dacula, GA Distribution Service"
"LaFayette, GA Wholesaler"
"LaFayette, GA Wolesale Grocer"
"LaFayette, GA Distribution Service"
"Thomson, GA Wholesaler"
"Thomson, GA Wolesale Grocer"
"Thomson, GA Distribution Service"
"Dahlonega, GA Wholesaler"
"Dahlonega, GA Wolesale Grocer"
"Dahlonega, GA Distribution Service"
"Conley, GA Wholesaler"
"Conley, GA Wolesale Grocer"
"Conley, GA Distribution Service"
"Stone Mountain, GA Wholesaler"
"Stone Mountain, GA Wolesale Grocer"
"Stone Mountain, GA Distribution Service"
"Morrow, GA Wholesaler"
"Morrow, GA Wolesale Grocer"
"Morrow, GA Distribution Service"
"Hapeville, GA Wholesaler"
"Hapeville, GA Wolesale Grocer"
"Hapeville, GA Distribution Service"
"Eatonton, GA Wholesaler"
"Eatonton, GA Wolesale Grocer"
"Eatonton, GA Distribution Service"
"Barnesville, GA Wholesaler"
"Barnesville, GA Wolesale Grocer"
"Barnesville, GA Distribution Service"
"Fairview, GA Wholesaler"
"Fairview, GA Wolesale Grocer"
"Fairview, GA Distribution Service"
"McRae-Helena, GA Wholesaler"
"McRae-Helena, GA Wolesale Grocer"
"McRae-Helena, GA Distribution Service"
"Byron, GA Wholesaler"
"Byron, GA Wolesale Grocer"
"Byron, GA Distribution Service"
"Waynesboro, GA Wholesaler"
"Waynesboro, GA Wolesale Grocer"
"Waynesboro, GA Distribution Service"
"Sandersville, GA Wholesaler"
"Sandersville, GA Wolesale Grocer"
"Sandersville, GA Distribution Service"
"Temple, GA Wholesaler"
"Temple, GA Wolesale Grocer"
"Temple, GA Distribution Service"
"Jackson, GA Wholesaler"
"Jackson, GA Wolesale Grocer"
"Jackson, GA Distribution Service"
"Eastman, GA Wholesaler"
"Eastman, GA Wolesale Grocer"
"Eastman, GA Distribution Service"
"Sylvester, GA Wholesaler"
"Sylvester, GA Wolesale Grocer"
"Sylvester, GA Distribution Service"
"Adel, GA Wholesaler"
"Adel, GA Wolesale Grocer"
"Adel, GA Distribution Service"
"Fairfield Plantation, GA Wholesaler"
"Fairfield Plantation, GA Wolesale Grocer"
"Fairfield Plantation, GA Distribution Service"
"Oakwood, GA Wholesaler"
"Oakwood, GA Wolesale Grocer"
"Oakwood, GA Distribution Service"
"Montgomery, GA Wholesaler"
"Montgomery, GA Wolesale Grocer"
"Montgomery, GA Distribution Service"
"Lindale, GA Wholesaler"
"Lindale, GA Wolesale Grocer"
"Lindale, GA Distribution Service"
"Blakely, GA Wholesaler"
"Blakely, GA Wolesale Grocer"
"Blakely, GA Distribution Service"
"Senoia, GA Wholesaler"
"Senoia, GA Wolesale Grocer"
"Senoia, GA Distribution Service"
"Social Circle, GA Wholesaler"
"Social Circle, GA Wolesale Grocer"
"Social Circle, GA Distribution Service"
"Hiram, GA Wholesaler"
"Hiram, GA Wolesale Grocer"
"Hiram, GA Distribution Service"
"Palmetto, GA Wholesaler"
"Palmetto, GA Wolesale Grocer"
"Palmetto, GA Distribution Service"
"Cochran, GA Wholesaler"
"Cochran, GA Wolesale Grocer"
"Cochran, GA Distribution Service"
"Camilla, GA Wholesaler"
"Camilla, GA Wolesale Grocer"
"Camilla, GA Distribution Service"
"Baxley, GA Wholesaler"
"Baxley, GA Wolesale Grocer"
"Baxley, GA Distribution Service"
"Adairsville, GA Wholesaler"
"Adairsville, GA Wolesale Grocer"
"Adairsville, GA Distribution Service"
"Madison, GA Wholesaler"
"Madison, GA Wolesale Grocer"
"Madison, GA Distribution Service"
"Nashville, GA Wholesaler"
"Nashville, GA Wolesale Grocer"
"Nashville, GA Distribution Service"
"Rockmart, GA Wholesaler"
"Rockmart, GA Wolesale Grocer"
"Rockmart, GA Distribution Service"
"Chatsworth, GA Wholesaler"
"Chatsworth, GA Wolesale Grocer"
"Chatsworth, GA Distribution Service"
"Cornelia, GA Wholesaler"
"Cornelia, GA Wolesale Grocer"
"Cornelia, GA Distribution Service"
"Lakeview, GA Wholesaler"
"Lakeview, GA Wolesale Grocer"
"Lakeview, GA Distribution Service"
"Grayson, GA Wholesaler"
"Grayson, GA Wolesale Grocer"
"Grayson, GA Distribution Service"
"Elberton, GA Wholesaler"
"Elberton, GA Wolesale Grocer"
"Elberton, GA Distribution Service"
"Forsyth, GA Wholesaler"
"Forsyth, GA Wolesale Grocer"
"Forsyth, GA Distribution Service"
"Jonesboro, GA Wholesaler"
"Jonesboro, GA Wolesale Grocer"
"Jonesboro, GA Distribution Service"
"Hartwell, GA Wholesaler"
"Hartwell, GA Wolesale Grocer"
"Hartwell, GA Distribution Service"
"Folkston, GA Wholesaler"
"Folkston, GA Wolesale Grocer"
"Folkston, GA Distribution Service"
"Summerville, GA Wholesaler"
"Summerville, GA Wolesale Grocer"
"Summerville, GA Distribution Service"
"Dawson, GA Wholesaler"
"Dawson, GA Wolesale Grocer"
"Dawson, GA Distribution Service"
"Euharlee, GA Wholesaler"
"Euharlee, GA Wolesale Grocer"
"Euharlee, GA Distribution Service"
"Jasper, GA Wholesaler"
"Jasper, GA Wolesale Grocer"
"Jasper, GA Distribution Service"
"Ashburn, GA Wholesaler"
"Ashburn, GA Wolesale Grocer"
"Ashburn, GA Distribution Service"
"Lyons, GA Wholesaler"
"Lyons, GA Wolesale Grocer"
"Lyons, GA Distribution Service"
"Dawsonville, GA Wholesaler"
"Dawsonville, GA Wolesale Grocer"
"Dawsonville, GA Distribution Service"
"Quitman, GA Wholesaler"
"Quitman, GA Wolesale Grocer"
"Quitman, GA Distribution Service"
"Hazlehurst, GA Wholesaler"
"Hazlehurst, GA Wolesale Grocer"
"Hazlehurst, GA Distribution Service"
"Hawkinsville, GA Wholesaler"
"Hawkinsville, GA Wolesale Grocer"
"Hawkinsville, GA Distribution Service"
"Metter, GA Wholesaler"
"Metter, GA Wolesale Grocer"
"Metter, GA Distribution Service"
"Rossville, GA Wholesaler"
"Rossville, GA Wolesale Grocer"
"Rossville, GA Distribution Service"
"Bonanza, GA Wholesaler"
"Bonanza, GA Wolesale Grocer"
"Bonanza, GA Distribution Service"
"Harlem, GA Wholesaler"
"Harlem, GA Wolesale Grocer"
"Harlem, GA Distribution Service"
"Walthourville, GA Wholesaler"
"Walthourville, GA Wolesale Grocer"
"Walthourville, GA Distribution Service"
"Buckhead CDP, GA Wholesaler"
"Buckhead CDP, GA Wolesale Grocer"
"Buckhead CDP, GA Distribution Service"
"Baldwin, GA Wholesaler"
"Baldwin, GA Wolesale Grocer"
"Baldwin, GA Distribution Service"
"West Point, GA Wholesaler"
"West Point, GA Wolesale Grocer"
"West Point, GA Distribution Service"
"Ocilla, GA Wholesaler"
"Ocilla, GA Wolesale Grocer"
"Ocilla, GA Distribution Service"
"Glennville, GA Wholesaler"
"Glennville, GA Wolesale Grocer"
"Glennville, GA Distribution Service"
"Washington, GA Wholesaler"
"Washington, GA Wolesale Grocer"
"Washington, GA Distribution Service"
"Echols County consolidated government, GA Wholesaler"
"Echols County consolidated government, GA Wolesale Grocer"
"Echols County consolidated government, GA Distribution Service"
"Chattanooga Valley, GA Wholesaler"
"Chattanooga Valley, GA Wolesale Grocer"
"Chattanooga Valley, GA Distribution Service"
"Greensboro, GA Wholesaler"
"Greensboro, GA Wolesale Grocer"
"Greensboro, GA Distribution Service"
"Hannahs Mill, GA Wholesaler"
"Hannahs Mill, GA Wolesale Grocer"
"Hannahs Mill, GA Distribution Service"
"Kennesaw State University, GA Wholesaler"
"Kennesaw State University, GA Wolesale Grocer"
"Kennesaw State University, GA Distribution Service"
"Manchester, GA Wholesaler"
"Manchester, GA Wolesale Grocer"
"Manchester, GA Distribution Service"
"Blackshear, GA Wholesaler"
"Blackshear, GA Wolesale Grocer"
"Blackshear, GA Distribution Service"
"Hoschton, GA Wholesaler"
"Hoschton, GA Wolesale Grocer"
"Hoschton, GA Distribution Service"
"Cleveland, GA Wholesaler"
"Cleveland, GA Wolesale Grocer"
"Cleveland, GA Distribution Service"
"Leesburg, GA Wholesaler"
"Leesburg, GA Wolesale Grocer"
"Leesburg, GA Distribution Service"
"Avondale Estates, GA Wholesaler"
"Avondale Estates, GA Wolesale Grocer"
"Avondale Estates, GA Distribution Service"
"Ringgold, GA Wholesaler"
"Ringgold, GA Wolesale Grocer"
"Ringgold, GA Distribution Service"
"Pelham, GA Wholesaler"
"Pelham, GA Wolesale Grocer"
"Pelham, GA Distribution Service"
"Gray, GA Wholesaler"
"Gray, GA Wolesale Grocer"
"Gray, GA Distribution Service"
"Hahira, GA Wholesaler"
"Hahira, GA Wolesale Grocer"
"Hahira, GA Distribution Service"
"Alma, GA Wholesaler"
"Alma, GA Wolesale Grocer"
"Alma, GA Distribution Service"
"Hardwick, GA Wholesaler"
"Hardwick, GA Wolesale Grocer"
"Hardwick, GA Distribution Service"
"Wrightsville, GA Wholesaler"
"Wrightsville, GA Wolesale Grocer"
"Wrightsville, GA Distribution Service"
"Heron Bay, GA Wholesaler"
"Heron Bay, GA Wolesale Grocer"
"Heron Bay, GA Distribution Service"
"Grantville, GA Wholesaler"
"Grantville, GA Wolesale Grocer"
"Grantville, GA Distribution Service"
"Tallapoosa, GA Wholesaler"
"Tallapoosa, GA Wolesale Grocer"
"Tallapoosa, GA Distribution Service"
"Hogansville, GA Wholesaler"
"Hogansville, GA Wolesale Grocer"
"Hogansville, GA Distribution Service"
"Nicholls, GA Wholesaler"
"Nicholls, GA Wolesale Grocer"
"Nicholls, GA Distribution Service"
"Kings Bay Base, GA Wholesaler"
"Kings Bay Base, GA Wolesale Grocer"
"Kings Bay Base, GA Distribution Service"
"Cuthbert and Tybee Island, GA Wholesaler"
"Cuthbert and Tybee Island, GA Wolesale Grocer"
"Cuthbert and Tybee Island, GA Distribution Service"
"Chattahoochee Hills, GA Wholesaler"
"Chattahoochee Hills, GA Wolesale Grocer"
"Chattahoochee Hills, GA Distribution Service"
"Montezuma, GA Wholesaler"
"Montezuma, GA Wolesale Grocer"
"Montezuma, GA Distribution Service"
"Lake City, GA Wholesaler"
"Lake City, GA Wolesale Grocer"
"Lake City, GA Distribution Service"
"Chickamauga, GA Wholesaler"
"Chickamauga, GA Wolesale Grocer"
"Chickamauga, GA Distribution Service"
"Springfield, GA Wholesaler"
"Springfield, GA Wolesale Grocer"
"Springfield, GA Distribution Service"
"Watkinsville, GA Wholesaler"
"Watkinsville, GA Wolesale Grocer"
"Watkinsville, GA Distribution Service"
"Millen, GA Wholesaler"
"Millen, GA Wolesale Grocer"
"Millen, GA Distribution Service"
"Experiment, GA Wholesaler"
"Experiment, GA Wolesale Grocer"
"Experiment, GA Distribution Service"
"Vienna, GA Wholesaler"
"Vienna, GA Wolesale Grocer"
"Vienna, GA Distribution Service"
"Lula, GA Wholesaler"
"Lula, GA Wolesale Grocer"
"Lula, GA Distribution Service"
"Bloomingdale, GA Wholesaler"
"Bloomingdale, GA Wolesale Grocer"
"Bloomingdale, GA Distribution Service"
"Statham, GA Wholesaler"
"Statham, GA Wolesale Grocer"
"Statham, GA Distribution Service"
"Unadilla, GA Wholesaler"
"Unadilla, GA Wolesale Grocer"
"Unadilla, GA Distribution Service"
"Soperton, GA Wholesaler"
"Soperton, GA Wolesale Grocer"
"Soperton, GA Distribution Service"
"Donalsonville, GA Wholesaler"
"Donalsonville, GA Wolesale Grocer"
"Donalsonville, GA Distribution Service"
"Putney, GA Wholesaler"
"Putney, GA Wolesale Grocer"
"Putney, GA Distribution Service"
"Lakeland, GA Wholesaler"
"Lakeland, GA Wolesale Grocer"
"Lakeland, GA Distribution Service"
"Reed Creek, GA Wholesaler"
"Reed Creek, GA Wolesale Grocer"
"Reed Creek, GA Distribution Service"
"Raoul, GA Wholesaler"
"Raoul, GA Wolesale Grocer"
"Raoul, GA Distribution Service"
"Henderson, GA Wholesaler"
"Henderson, GA Wolesale Grocer"
"Henderson, GA Distribution Service"
"Ball Ground, GA Wholesaler"
"Ball Ground, GA Wolesale Grocer"
"Ball Ground, GA Distribution Service"
"Abbeville, GA Wholesaler"
"Abbeville, GA Wolesale Grocer"
"Abbeville, GA Distribution Service"
"Sylvania, GA Wholesaler"
"Sylvania, GA Wolesale Grocer"
"Sylvania, GA Distribution Service"
"Royston, GA Wholesaler"
"Royston, GA Wolesale Grocer"
"Royston, GA Distribution Service"
"Monticello, GA Wholesaler"
"Monticello, GA Wolesale Grocer"
"Monticello, GA Distribution Service"
"Pembroke, GA Wholesaler"
"Pembroke, GA Wolesale Grocer"
"Pembroke, GA Distribution Service"
"Lithonia, GA Wholesaler"
"Lithonia, GA Wolesale Grocer"
"Lithonia, GA Distribution Service"
"Claxton, GA Wholesaler"
"Claxton, GA Wolesale Grocer"
"Claxton, GA Distribution Service"
"Guyton, GA Wholesaler"
"Guyton, GA Wolesale Grocer"
"Guyton, GA Distribution Service"
"Lakeview Estates, GA Wholesaler"
"Lakeview Estates, GA Wolesale Grocer"
"Lakeview Estates, GA Distribution Service"
"Thunderbolt, GA Wholesaler"
"Thunderbolt, GA Wolesale Grocer"
"Thunderbolt, GA Distribution Service"
"East Dublin, GA Wholesaler"
"East Dublin, GA Wolesale Grocer"
"East Dublin, GA Distribution Service"
"Reidsville, GA Wholesaler"
"Reidsville, GA Wolesale Grocer"
"Reidsville, GA Distribution Service"
"Webster County unified government, GA Wholesaler"
"Webster County unified government, GA Wolesale Grocer"
"Webster County unified government, GA Distribution Service"
"Louisville, GA Wholesaler"
"Louisville, GA Wolesale Grocer"
"Louisville, GA Distribution Service"
"Gumlog, GA Wholesaler"
"Gumlog, GA Wolesale Grocer"
"Gumlog, GA Distribution Service"
"Homerville, GA Wholesaler"
"Homerville, GA Wolesale Grocer"
"Homerville, GA Distribution Service"
"Oxford, GA Wholesaler"
"Oxford, GA Wolesale Grocer"
"Oxford, GA Distribution Service"
"Deenwood, GA Wholesaler"
"Deenwood, GA Wolesale Grocer"
"Deenwood, GA Distribution Service"
"Georgetown-Quitman County, GA Wholesaler"
"Georgetown-Quitman County, GA Wolesale Grocer"
"Georgetown-Quitman County, GA Distribution Service"
"Trenton, GA Wholesaler"
"Trenton, GA Wolesale Grocer"
"Trenton, GA Distribution Service"
"Isle of Hope, GA Wholesaler"
"Isle of Hope, GA Wolesale Grocer"
"Isle of Hope, GA Distribution Service"
"Midway, GA Wholesaler"
"Midway, GA Wolesale Grocer"
"Midway, GA Distribution Service"
"Wrens, GA Wholesaler"
"Wrens, GA Wolesale Grocer"
"Wrens, GA Distribution Service"
"Varnell, GA Wholesaler"
"Varnell, GA Wolesale Grocer"
"Varnell, GA Distribution Service"
"Indian Springs, GA Wholesaler"
"Indian Springs, GA Wolesale Grocer"
"Indian Springs, GA Distribution Service"
"Bowdon, GA Wholesaler"
"Bowdon, GA Wolesale Grocer"
"Bowdon, GA Distribution Service"
"Lavonia, GA Wholesaler"
"Lavonia, GA Wolesale Grocer"
"Lavonia, GA Distribution Service"
"Shannon, GA Wholesaler"
"Shannon, GA Wolesale Grocer"
"Shannon, GA Distribution Service"
"Berkeley Lake, GA Wholesaler"
"Berkeley Lake, GA Wolesale Grocer"
"Berkeley Lake, GA Distribution Service"
"Clayton, GA Wholesaler"
"Clayton, GA Wolesale Grocer"
"Clayton, GA Distribution Service"
"Sparks, GA Wholesaler"
"Sparks, GA Wolesale Grocer"
"Sparks, GA Distribution Service"
"Mount Vernon, GA Wholesaler"
"Mount Vernon, GA Wolesale Grocer"
"Mount Vernon, GA Distribution Service"
"Maysville, GA Wholesaler"
"Maysville, GA Wolesale Grocer"
"Maysville, GA Distribution Service"
"Trion, GA Wholesaler"
"Trion, GA Wolesale Grocer"
"Trion, GA Distribution Service"
"Clarkesville, GA Wholesaler"
"Clarkesville, GA Wolesale Grocer"
"Clarkesville, GA Distribution Service"
"Colquitt, GA Wholesaler"
"Colquitt, GA Wolesale Grocer"
"Colquitt, GA Distribution Service"
"Demorest, GA Wholesaler"
"Demorest, GA Wolesale Grocer"
"Demorest, GA Distribution Service"
"Arcade, GA Wholesaler"
"Arcade, GA Wolesale Grocer"
"Arcade, GA Distribution Service"
"Sterling, GA Wholesaler"
"Sterling, GA Wolesale Grocer"
"Sterling, GA Distribution Service"
"Mount Zion, GA Wholesaler"
"Mount Zion, GA Wolesale Grocer"
"Mount Zion, GA Distribution Service"
"Brooklet and Berry College, GA Wholesaler"
"Brooklet and Berry College, GA Wolesale Grocer"
"Brooklet and Berry College, GA Distribution Service"
"Davisboro, GA Wholesaler"
"Davisboro, GA Wolesale Grocer"
"Davisboro, GA Distribution Service"
"Nicholson, GA Wholesaler"
"Nicholson, GA Wolesale Grocer"
"Nicholson, GA Distribution Service"
"Ellijay and Pearson, GA Wholesaler"
"Ellijay and Pearson, GA Wolesale Grocer"
"Ellijay and Pearson, GA Distribution Service"
"Porterdale, GA Wholesaler"
"Porterdale, GA Wolesale Grocer"
"Porterdale, GA Distribution Service"
"Butler, GA Wholesaler"
"Butler, GA Wolesale Grocer"
"Butler, GA Distribution Service"
"Gordon, GA Wholesaler"
"Gordon, GA Wolesale Grocer"
"Gordon, GA Distribution Service"
"Pendergrass, GA Wholesaler"
"Pendergrass, GA Wolesale Grocer"
"Pendergrass, GA Distribution Service"
"Warrenton, GA Wholesaler"
"Warrenton, GA Wolesale Grocer"
"Warrenton, GA Distribution Service"
"Unionville, GA Wholesaler"
"Unionville, GA Wolesale Grocer"
"Unionville, GA Distribution Service"
"Twin City, GA Wholesaler"
"Twin City, GA Wolesale Grocer"
"Twin City, GA Distribution Service"
"Union Point, GA Wholesaler"
"Union Point, GA Wolesale Grocer"
"Union Point, GA Distribution Service"
"Ludowici, GA Wholesaler"
"Ludowici, GA Wolesale Grocer"
"Ludowici, GA Distribution Service"
"Hamilton, GA Wholesaler"
"Hamilton, GA Wolesale Grocer"
"Hamilton, GA Distribution Service"
"Tennille, GA Wholesaler"
"Tennille, GA Wolesale Grocer"
"Tennille, GA Distribution Service"
"Cataula, GA Wholesaler"
"Cataula, GA Wolesale Grocer"
"Cataula, GA Distribution Service"
"Lookout Mountain, GA Wholesaler"
"Lookout Mountain, GA Wolesale Grocer"
"Lookout Mountain, GA Distribution Service"
"Wadley, GA Wholesaler"
"Wadley, GA Wolesale Grocer"
"Wadley, GA Distribution Service"
"Comer, GA Wholesaler"
"Comer, GA Wolesale Grocer"
"Comer, GA Distribution Service"
"Morgan, GA Wholesaler"
"Morgan, GA Wolesale Grocer"
"Morgan, GA Distribution Service"
"Ellaville, GA Wholesaler"
"Ellaville, GA Wolesale Grocer"
"Ellaville, GA Distribution Service"
"Darien, GA Wholesaler"
"Darien, GA Wolesale Grocer"
"Darien, GA Distribution Service"
"Buena Vista, GA Wholesaler"
"Buena Vista, GA Wolesale Grocer"
"Buena Vista, GA Distribution Service"
"Richland, GA Wholesaler"
"Richland, GA Wolesale Grocer"
"Richland, GA Distribution Service"
"Aragon, GA Wholesaler"
"Aragon, GA Wolesale Grocer"
"Aragon, GA Distribution Service"
"Russell, GA Wholesaler"
"Russell, GA Wolesale Grocer"
"Russell, GA Distribution Service"
"Lincolnton, GA Wholesaler"
"Lincolnton, GA Wolesale Grocer"
"Lincolnton, GA Distribution Service"
"Emerson, GA Wholesaler"
"Emerson, GA Wolesale Grocer"
"Emerson, GA Distribution Service"
"Mount Airy, GA Wholesaler"
"Mount Airy, GA Wolesale Grocer"
"Mount Airy, GA Distribution Service"
"Robins AFB, GA Wholesaler"
"Robins AFB, GA Wolesale Grocer"
"Robins AFB, GA Distribution Service"
"Bogart, GA Wholesaler"
"Bogart, GA Wolesale Grocer"
"Bogart, GA Distribution Service"
"Homer, GA Wholesaler"
"Homer, GA Wolesale Grocer"
"Homer, GA Distribution Service"
"East Griffin, GA Wholesaler"
"East Griffin, GA Wolesale Grocer"
"East Griffin, GA Distribution Service"
"Walnut Grove, GA Wholesaler"
"Walnut Grove, GA Wolesale Grocer"
"Walnut Grove, GA Distribution Service"
"Dutch Island, GA Wholesaler"
"Dutch Island, GA Wolesale Grocer"
"Dutch Island, GA Distribution Service"
"Sparta, GA Wholesaler"
"Sparta, GA Wolesale Grocer"
"Sparta, GA Distribution Service"
"Young Harris, GA Wholesaler"
"Young Harris, GA Wolesale Grocer"
"Young Harris, GA Distribution Service"
"Moody AFB, GA Wholesaler"
"Moody AFB, GA Wolesale Grocer"
"Moody AFB, GA Distribution Service"
"Remerton, GA Wholesaler"
"Remerton, GA Wolesale Grocer"
"Remerton, GA Distribution Service"
"Omega, GA Wholesaler"
"Omega, GA Wolesale Grocer"
"Omega, GA Distribution Service"
"Ellerslie, GA Wholesaler"
"Ellerslie, GA Wolesale Grocer"
"Ellerslie, GA Distribution Service"
"Willacoochee and Zebulon, GA Wholesaler"
"Willacoochee and Zebulon, GA Wolesale Grocer"
"Willacoochee and Zebulon, GA Distribution Service"
"Edison and Pine Mountain, GA Wholesaler"
"Edison and Pine Mountain, GA Wolesale Grocer"
"Edison and Pine Mountain, GA Distribution Service"
"Blue Ridge, GA Wholesaler"
"Blue Ridge, GA Wolesale Grocer"
"Blue Ridge, GA Distribution Service"
"Sunnyside, GA Wholesaler"
"Sunnyside, GA Wolesale Grocer"
"Sunnyside, GA Distribution Service"
"Arlington, GA Wholesaler"
"Arlington, GA Wolesale Grocer"
"Arlington, GA Distribution Service"
"Talahi Island, GA Wholesaler"
"Talahi Island, GA Wolesale Grocer"
"Talahi Island, GA Distribution Service"
"Boston, GA Wholesaler"
"Boston, GA Wolesale Grocer"
"Boston, GA Distribution Service"
"Cave Spring, GA Wholesaler"
"Cave Spring, GA Wolesale Grocer"
"Cave Spring, GA Distribution Service"
"McCaysville, GA Wholesaler"
"McCaysville, GA Wolesale Grocer"
"McCaysville, GA Distribution Service"
"Resaca, GA Wholesaler"
"Resaca, GA Wolesale Grocer"
"Resaca, GA Distribution Service"
"Lake Park, GA Wholesaler"
"Lake Park, GA Wolesale Grocer"
"Lake Park, GA Distribution Service"
"Rochelle, GA Wholesaler"
"Rochelle, GA Wolesale Grocer"
"Rochelle, GA Distribution Service"
"Nelson, GA Wholesaler"
"Nelson, GA Wolesale Grocer"
"Nelson, GA Distribution Service"
"Clermont, GA Wholesaler"
"Clermont, GA Wolesale Grocer"
"Clermont, GA Distribution Service"
"Franklin Springs, GA Wholesaler"
"Franklin Springs, GA Wolesale Grocer"
"Franklin Springs, GA Distribution Service"
"Jekyll Island, GA Wholesaler"
"Jekyll Island, GA Wolesale Grocer"
"Jekyll Island, GA Distribution Service"
"Woodbine, GA Wholesaler"
"Woodbine, GA Wolesale Grocer"
"Woodbine, GA Distribution Service"
"Broxton, GA Wholesaler"
"Broxton, GA Wolesale Grocer"
"Broxton, GA Distribution Service"
"Enigma, GA Wholesaler"
"Enigma, GA Wolesale Grocer"
"Enigma, GA Distribution Service"
"Marshallville, GA Wholesaler"
"Marshallville, GA Wolesale Grocer"
"Marshallville, GA Distribution Service"
"Ivey, GA Wholesaler"
"Ivey, GA Wolesale Grocer"
"Ivey, GA Distribution Service"
"Hiawassee, GA Wholesaler"
"Hiawassee, GA Wolesale Grocer"
"Hiawassee, GA Distribution Service"
"Lumber City, GA Wholesaler"
"Lumber City, GA Wolesale Grocer"
"Lumber City, GA Distribution Service"
"Oglethorpe, GA Wholesaler"
"Oglethorpe, GA Wolesale Grocer"
"Oglethorpe, GA Distribution Service"
"Nahunta, GA Wholesaler"
"Nahunta, GA Wolesale Grocer"
"Nahunta, GA Distribution Service"
"Fort Gaines, GA Wholesaler"
"Fort Gaines, GA Wolesale Grocer"
"Fort Gaines, GA Distribution Service"
"Alto and Fairplay, GA Wholesaler"
"Alto and Fairplay, GA Wolesale Grocer"
"Alto and Fairplay, GA Distribution Service"
"Sardis, GA Wholesaler"
"Sardis, GA Wolesale Grocer"
"Sardis, GA Distribution Service"
"Phillipsburg, GA Wholesaler"
"Phillipsburg, GA Wolesale Grocer"
"Phillipsburg, GA Distribution Service"
"Lumpkin, GA Wholesaler"
"Lumpkin, GA Wolesale Grocer"
"Lumpkin, GA Distribution Service"
"Ray City, GA Wholesaler"
"Ray City, GA Wolesale Grocer"
"Ray City, GA Distribution Service"
"Tunnel Hill, GA Wholesaler"
"Tunnel Hill, GA Wolesale Grocer"
"Tunnel Hill, GA Distribution Service"
"Norman Park, GA Wholesaler"
"Norman Park, GA Wolesale Grocer"
"Norman Park, GA Distribution Service"
"West Brow, GA Wholesaler"
"West Brow, GA Wolesale Grocer"
"West Brow, GA Distribution Service"
"Hagan, GA Wholesaler"
"Hagan, GA Wolesale Grocer"
"Hagan, GA Distribution Service"
"Buchanan, GA Wholesaler"
"Buchanan, GA Wolesale Grocer"
"Buchanan, GA Distribution Service"
"Reynolds, GA Wholesaler"
"Reynolds, GA Wolesale Grocer"
"Reynolds, GA Distribution Service"
"Jeffersonville, GA Wholesaler"
"Jeffersonville, GA Wolesale Grocer"
"Jeffersonville, GA Distribution Service"
"Meigs and Mountain City, GA Wholesaler"
"Meigs and Mountain City, GA Wolesale Grocer"
"Meigs and Mountain City, GA Distribution Service"
"Franklin, GA Wholesaler"
"Franklin, GA Wolesale Grocer"
"Franklin, GA Distribution Service"
"Homeland, GA Wholesaler"
"Homeland, GA Wolesale Grocer"
"Homeland, GA Distribution Service"
"Woodbury, GA Wholesaler"
"Woodbury, GA Wolesale Grocer"
"Woodbury, GA Distribution Service"
"Dasher, GA Wholesaler"
"Dasher, GA Wolesale Grocer"
"Dasher, GA Distribution Service"
"Crawford, GA Wholesaler"
"Crawford, GA Wolesale Grocer"
"Crawford, GA Distribution Service"
"Rutledge, GA Wholesaler"
"Rutledge, GA Wolesale Grocer"
"Rutledge, GA Distribution Service"
"Bowman, GA Wholesaler"
"Bowman, GA Wolesale Grocer"
"Bowman, GA Distribution Service"
"East Ellijay, GA Wholesaler"
"East Ellijay, GA Wolesale Grocer"
"East Ellijay, GA Distribution Service"
"Glenwood, GA Wholesaler"
"Glenwood, GA Wolesale Grocer"
"Glenwood, GA Distribution Service"
"Flemington, GA Wholesaler"
"Flemington, GA Wolesale Grocer"
"Flemington, GA Distribution Service"
"Shellman, GA Wholesaler"
"Shellman, GA Wolesale Grocer"
"Shellman, GA Distribution Service"
"Appling, GA Wholesaler"
"Appling, GA Wolesale Grocer"
"Appling, GA Distribution Service"
"Allenhurst, GA Wholesaler"
"Allenhurst, GA Wolesale Grocer"
"Allenhurst, GA Distribution Service"
"Baconton, GA Wholesaler"
"Baconton, GA Wolesale Grocer"
"Baconton, GA Distribution Service"
"Eton, GA Wholesaler"
"Eton, GA Wolesale Grocer"
"Eton, GA Distribution Service"
"Eulonia, GA Wholesaler"
"Eulonia, GA Wolesale Grocer"
"Eulonia, GA Distribution Service"
"Rock Spring, GA Wholesaler"
"Rock Spring, GA Wolesale Grocer"
"Rock Spring, GA Distribution Service"
"Greenville, GA Wholesaler"
"Greenville, GA Wolesale Grocer"
"Greenville, GA Distribution Service"
"Cohutta and Alamo, GA Wholesaler"
"Cohutta and Alamo, GA Wolesale Grocer"
"Cohutta and Alamo, GA Distribution Service"
"Roberta, GA Wholesaler"
"Roberta, GA Wolesale Grocer"
"Roberta, GA Distribution Service"
"Luthersville, GA Wholesaler"
"Luthersville, GA Wolesale Grocer"
"Luthersville, GA Distribution Service"
"Milner, GA Wholesaler"
"Milner, GA Wolesale Grocer"
"Milner, GA Distribution Service"
"Fairmount, GA Wholesaler"
"Fairmount, GA Wolesale Grocer"
"Fairmount, GA Distribution Service"
"Screven, GA Wholesaler"
"Screven, GA Wolesale Grocer"
"Screven, GA Distribution Service"
"Sycamore, GA Wholesaler"
"Sycamore, GA Wolesale Grocer"
"Sycamore, GA Distribution Service"
"Patterson, GA Wholesaler"
"Patterson, GA Wolesale Grocer"
"Patterson, GA Distribution Service"
"Lenox, GA Wholesaler"
"Lenox, GA Wolesale Grocer"
"Lenox, GA Distribution Service"
"Poulan and Kingston, GA Wholesaler"
"Poulan and Kingston, GA Wolesale Grocer"
"Poulan and Kingston, GA Distribution Service"
"Talbotton, GA Wholesaler"
"Talbotton, GA Wolesale Grocer"
"Talbotton, GA Distribution Service"
"Waleska, GA Wholesaler"
"Waleska, GA Wolesale Grocer"
"Waleska, GA Distribution Service"
"Pine Lake, GA Wholesaler"
"Pine Lake, GA Wolesale Grocer"
"Pine Lake, GA Distribution Service"
"Bethlehem, GA Wholesaler"
"Bethlehem, GA Wolesale Grocer"
"Bethlehem, GA Distribution Service"
"Yonah and Waynesville, GA Wholesaler"
"Yonah and Waynesville, GA Wolesale Grocer"
"Yonah and Waynesville, GA Distribution Service"
"Milstead, GA Wholesaler"
"Milstead, GA Wolesale Grocer"
"Milstead, GA Distribution Service"
"Doerun, GA Wholesaler"
"Doerun, GA Wolesale Grocer"
"Doerun, GA Distribution Service"
"Crescent, GA Wholesaler"
"Crescent, GA Wolesale Grocer"
"Crescent, GA Distribution Service"
"Williamson, GA Wholesaler"
"Williamson, GA Wolesale Grocer"
"Williamson, GA Distribution Service"
"Carnesville, GA Wholesaler"
"Carnesville, GA Wolesale Grocer"
"Carnesville, GA Distribution Service"
"Sunset Village, GA Wholesaler"
"Sunset Village, GA Wolesale Grocer"
"Sunset Village, GA Distribution Service"
"Newborn, GA Wholesaler"
"Newborn, GA Wolesale Grocer"
"Newborn, GA Distribution Service"
"Piney Grove, GA Wholesaler"
"Piney Grove, GA Wolesale Grocer"
"Piney Grove, GA Distribution Service"
"Lincoln Park, GA Wholesaler"
"Lincoln Park, GA Wolesale Grocer"
"Lincoln Park, GA Distribution Service"
"Ochlocknee, GA Wholesaler"
"Ochlocknee, GA Wolesale Grocer"
"Ochlocknee, GA Distribution Service"
"Wildwood, GA Wholesaler"
"Wildwood, GA Wolesale Grocer"
"Wildwood, GA Distribution Service"
"Danielsville, GA Wholesaler"
"Danielsville, GA Wolesale Grocer"
"Danielsville, GA Distribution Service"
"White, GA Wholesaler"
"White, GA Wolesale Grocer"
"White, GA Distribution Service"
"Canon, GA Wholesaler"
"Canon, GA Wolesale Grocer"
"Canon, GA Distribution Service"
"Crooked Creek and Portal, GA Wholesaler"
"Crooked Creek and Portal, GA Wolesale Grocer"
"Crooked Creek and Portal, GA Distribution Service"
"Dexter, GA Wholesaler"
"Dexter, GA Wolesale Grocer"
"Dexter, GA Distribution Service"
"Flovilla, GA Wholesaler"
"Flovilla, GA Wolesale Grocer"
"Flovilla, GA Distribution Service"
"Colbert, GA Wholesaler"
"Colbert, GA Wolesale Grocer"
"Colbert, GA Distribution Service"
"Milan, GA Wholesaler"
"Milan, GA Wolesale Grocer"
"Milan, GA Distribution Service"
"Gibson, GA Wholesaler"
"Gibson, GA Wolesale Grocer"
"Gibson, GA Distribution Service"
"Riceboro, GA Wholesaler"
"Riceboro, GA Wolesale Grocer"
"Riceboro, GA Distribution Service"
"East Newnan and Ty Ty, GA Wholesaler"
"East Newnan and Ty Ty, GA Wolesale Grocer"
"East Newnan and Ty Ty, GA Distribution Service"
"Pavo, GA Wholesaler"
"Pavo, GA Wolesale Grocer"
"Pavo, GA Distribution Service"
"Waverly Hall, GA Wholesaler"
"Waverly Hall, GA Wolesale Grocer"
"Waverly Hall, GA Distribution Service"
"Whitesburg, GA Wholesaler"
"Whitesburg, GA Wolesale Grocer"
"Whitesburg, GA Distribution Service"
"Smithville, GA Wholesaler"
"Smithville, GA Wolesale Grocer"
"Smithville, GA Distribution Service"
"Dudley, GA Wholesaler"
"Dudley, GA Wolesale Grocer"
"Dudley, GA Distribution Service"
"Newton, GA Wholesaler"
"Newton, GA Wolesale Grocer"
"Newton, GA Distribution Service"
"Mountain Park, GA Wholesaler"
"Mountain Park, GA Wolesale Grocer"
"Mountain Park, GA Distribution Service"
"Sautee-Nacoochee, GA Wholesaler"
"Sautee-Nacoochee, GA Wolesale Grocer"
"Sautee-Nacoochee, GA Distribution Service"
"Brooks, GA Wholesaler"
"Brooks, GA Wolesale Grocer"
"Brooks, GA Distribution Service"
"Clyattville and McIntyre, GA Wholesaler"
"Clyattville and McIntyre, GA Wolesale Grocer"
"Clyattville and McIntyre, GA Distribution Service"
"North High Shoals, GA Wholesaler"
"North High Shoals, GA Wolesale Grocer"
"North High Shoals, GA Distribution Service"
"Plains, GA Wholesaler"
"Plains, GA Wolesale Grocer"
"Plains, GA Distribution Service"
"Adrian, GA Wholesaler"
"Adrian, GA Wolesale Grocer"
"Adrian, GA Distribution Service"
"Helen, GA Wholesaler"
"Helen, GA Wolesale Grocer"
"Helen, GA Distribution Service"
"Leary, GA Wholesaler"
"Leary, GA Wolesale Grocer"
"Leary, GA Distribution Service"
"Irwinton, GA Wholesaler"
"Irwinton, GA Wolesale Grocer"
"Irwinton, GA Distribution Service"
"Waco, GA Wholesaler"
"Waco, GA Wolesale Grocer"
"Waco, GA Distribution Service"
"Warm Springs and Hortense, GA Wholesaler"
"Warm Springs and Hortense, GA Wolesale Grocer"
"Warm Springs and Hortense, GA Distribution Service"
"Coolidge, GA Wholesaler"
"Coolidge, GA Wolesale Grocer"
"Coolidge, GA Distribution Service"
"Dearing, GA Wholesaler"
"Dearing, GA Wolesale Grocer"
"Dearing, GA Distribution Service"
"Blairsville, GA Wholesaler"
"Blairsville, GA Wolesale Grocer"
"Blairsville, GA Distribution Service"
"Ailey, GA Wholesaler"
"Ailey, GA Wolesale Grocer"
"Ailey, GA Distribution Service"
"Chester, GA Wholesaler"
"Chester, GA Wolesale Grocer"
"Chester, GA Distribution Service"
"Morven, GA Wholesaler"
"Morven, GA Wolesale Grocer"
"Morven, GA Distribution Service"
"Collins, GA Wholesaler"
"Collins, GA Wolesale Grocer"
"Collins, GA Distribution Service"
"Berlin, GA Wholesaler"
"Berlin, GA Wolesale Grocer"
"Berlin, GA Distribution Service"
"Oak Park, GA Wholesaler"
"Oak Park, GA Wolesale Grocer"
"Oak Park, GA Distribution Service"
"Warwick, GA Wholesaler"
"Warwick, GA Wolesale Grocer"
"Warwick, GA Distribution Service"
"Tiger and Tignall, GA Wholesaler"
"Tiger and Tignall, GA Wolesale Grocer"
"Tiger and Tignall, GA Distribution Service"
"Hoboken, GA Wholesaler"
"Hoboken, GA Wolesale Grocer"
"Hoboken, GA Distribution Service"
"Crawfordville, GA Wholesaler"
"Crawfordville, GA Wolesale Grocer"
"Crawfordville, GA Distribution Service"
"Menlo, Alapaha, and Sky Valley, GA Wholesaler"
"Menlo, Alapaha, and Sky Valley, GA Wolesale Grocer"
"Menlo, Alapaha, and Sky Valley, GA Distribution Service"
"Ephesus, GA Wholesaler"
"Ephesus, GA Wolesale Grocer"
"Ephesus, GA Distribution Service"
"Odum, GA Wholesaler"
"Odum, GA Wolesale Grocer"
"Odum, GA Distribution Service"
"Turin, GA Wholesaler"
"Turin, GA Wolesale Grocer"
"Turin, GA Distribution Service"
"Arabi, GA Wholesaler"
"Arabi, GA Wolesale Grocer"
"Arabi, GA Distribution Service"
"Offerman and Mansfield, GA Wholesaler"
"Offerman and Mansfield, GA Wolesale Grocer"
"Offerman and Mansfield, GA Distribution Service"
"Lyerly, GA Wholesaler"
"Lyerly, GA Wolesale Grocer"
"Lyerly, GA Distribution Service"
"Pineview, GA Wholesaler"
"Pineview, GA Wolesale Grocer"
"Pineview, GA Distribution Service"
"Bowersville, GA Wholesaler"
"Bowersville, GA Wolesale Grocer"
"Bowersville, GA Distribution Service"
"Empire, GA Wholesaler"
"Empire, GA Wolesale Grocer"
"Empire, GA Distribution Service"
"Arnoldsville, GA Wholesaler"
"Arnoldsville, GA Wolesale Grocer"
"Arnoldsville, GA Distribution Service"
"Attapulgus, GA Wholesaler"
"Attapulgus, GA Wolesale Grocer"
"Attapulgus, GA Distribution Service"
"New England and Uvalda, GA Wholesaler"
"New England and Uvalda, GA Wolesale Grocer"
"New England and Uvalda, GA Distribution Service"
"Stillmore, GA Wholesaler"
"Stillmore, GA Wolesale Grocer"
"Stillmore, GA Distribution Service"
"Sumner, GA Wholesaler"
"Sumner, GA Wolesale Grocer"
"Sumner, GA Distribution Service"
"Between, GA Wholesaler"
"Between, GA Wolesale Grocer"
"Between, GA Distribution Service"
"Whigham, GA Wholesaler"
"Whigham, GA Wolesale Grocer"
"Whigham, GA Distribution Service"
"Shiloh, GA Wholesaler"
"Shiloh, GA Wolesale Grocer"
"Shiloh, GA Distribution Service"
"Byromville, GA Wholesaler"
"Byromville, GA Wolesale Grocer"
"Byromville, GA Distribution Service"
"Smarr, GA Wholesaler"
"Smarr, GA Wolesale Grocer"
"Smarr, GA Distribution Service"
"Molena, GA Wholesaler"
"Molena, GA Wolesale Grocer"
"Molena, GA Distribution Service"
"Funston, GA Wholesaler"
"Funston, GA Wolesale Grocer"
"Funston, GA Distribution Service"
"Toomsboro, GA Wholesaler"
"Toomsboro, GA Wolesale Grocer"
"Toomsboro, GA Distribution Service"
"Ideal, GA Wholesaler"
"Ideal, GA Wolesale Grocer"
"Ideal, GA Distribution Service"
"Stapleton, GA Wholesaler"
"Stapleton, GA Wolesale Grocer"
"Stapleton, GA Distribution Service"
"Jenkinsburg, GA Wholesaler"
"Jenkinsburg, GA Wolesale Grocer"
"Jenkinsburg, GA Distribution Service"
"Concord and Bolingbroke, GA Wholesaler"
"Concord and Bolingbroke, GA Wolesale Grocer"
"Concord and Bolingbroke, GA Distribution Service"
"Yatesville, GA Wholesaler"
"Yatesville, GA Wolesale Grocer"
"Yatesville, GA Distribution Service"
"Moreland, GA Wholesaler"
"Moreland, GA Wolesale Grocer"
"Moreland, GA Distribution Service"
"Midville and Cadwell, GA Wholesaler"
"Midville and Cadwell, GA Wolesale Grocer"
"Midville and Cadwell, GA Distribution Service"
"Bostwick, GA Wholesaler"
"Bostwick, GA Wolesale Grocer"
"Bostwick, GA Distribution Service"
"Axson, GA Wholesaler"
"Axson, GA Wolesale Grocer"
"Axson, GA Distribution Service"
"Braswell, GA Wholesaler"
"Braswell, GA Wolesale Grocer"
"Braswell, GA Distribution Service"
"Ila, GA Wholesaler"
"Ila, GA Wolesale Grocer"
"Ila, GA Distribution Service"
"Barwick, GA Wholesaler"
"Barwick, GA Wolesale Grocer"
"Barwick, GA Distribution Service"
"Salem, GA Wholesaler"
"Salem, GA Wolesale Grocer"
"Salem, GA Distribution Service"
"Centralhatchee and Plainville, GA Wholesaler"
"Centralhatchee and Plainville, GA Wolesale Grocer"
"Centralhatchee and Plainville, GA Distribution Service"
"Good Hope, GA Wholesaler"
"Good Hope, GA Wolesale Grocer"
"Good Hope, GA Distribution Service"
"Sale City, GA Wholesaler"
"Sale City, GA Wolesale Grocer"
"Sale City, GA Distribution Service"
"Bishop, GA Wholesaler"
"Bishop, GA Wolesale Grocer"
"Bishop, GA Distribution Service"
"Leslie, GA Wholesaler"
"Leslie, GA Wolesale Grocer"
"Leslie, GA Distribution Service"
"Martin, GA Wholesaler"
"Martin, GA Wolesale Grocer"
"Martin, GA Distribution Service"
"Dillard, GA Wholesaler"
"Dillard, GA Wolesale Grocer"
"Dillard, GA Distribution Service"
"Mineral Bluff, GA Wholesaler"
"Mineral Bluff, GA Wolesale Grocer"
"Mineral Bluff, GA Distribution Service"
"Harrison, GA Wholesaler"
"Harrison, GA Wolesale Grocer"
"Harrison, GA Distribution Service"
"Sharpsburg and Ambrose, GA Wholesaler"
"Sharpsburg and Ambrose, GA Wolesale Grocer"
"Sharpsburg and Ambrose, GA Distribution Service"
"Bronwood and Cobbtown, GA Wholesaler"
"Bronwood and Cobbtown, GA Wolesale Grocer"
"Bronwood and Cobbtown, GA Distribution Service"
"Epworth, GA Wholesaler"
"Epworth, GA Wolesale Grocer"
"Epworth, GA Distribution Service"
"Iron City, GA Wholesaler"
"Iron City, GA Wolesale Grocer"
"Iron City, GA Distribution Service"
"Keysville, GA Wholesaler"
"Keysville, GA Wolesale Grocer"
"Keysville, GA Distribution Service"
"Higgston, GA Wholesaler"
"Higgston, GA Wolesale Grocer"
"Higgston, GA Distribution Service"
"Hiltonia, GA Wholesaler"
"Hiltonia, GA Wolesale Grocer"
"Hiltonia, GA Distribution Service"
"Rentz, GA Wholesaler"
"Rentz, GA Wolesale Grocer"
"Rentz, GA Distribution Service"
"Waresboro, GA Wholesaler"
"Waresboro, GA Wolesale Grocer"
"Waresboro, GA Distribution Service"
"Gillsville, GA Wholesaler"
"Gillsville, GA Wolesale Grocer"
"Gillsville, GA Distribution Service"
"Woodland, GA Wholesaler"
"Woodland, GA Wolesale Grocer"
"Woodland, GA Distribution Service"
"Pinehurst, GA Wholesaler"
"Pinehurst, GA Wolesale Grocer"
"Pinehurst, GA Distribution Service"
"Rhine and Morganton, GA Wholesaler"
"Rhine and Morganton, GA Wolesale Grocer"
"Rhine and Morganton, GA Distribution Service"
"Chauncey, GA Wholesaler"
"Chauncey, GA Wolesale Grocer"
"Chauncey, GA Distribution Service"
"Cecil, GA Wholesaler"
"Cecil, GA Wolesale Grocer"
"Cecil, GA Distribution Service"
"Newington, GA Wholesaler"
"Newington, GA Wolesale Grocer"
"Newington, GA Distribution Service"
"Antioch, GA Wholesaler"
"Antioch, GA Wolesale Grocer"
"Antioch, GA Distribution Service"
"Talmo, GA Wholesaler"
"Talmo, GA Wolesale Grocer"
"Talmo, GA Distribution Service"
"Sasser, GA Wholesaler"
"Sasser, GA Wolesale Grocer"
"Sasser, GA Distribution Service"
"Woodville, GA Wholesaler"
"Woodville, GA Wolesale Grocer"
"Woodville, GA Distribution Service"
"Juliette, GA Wholesaler"
"Juliette, GA Wolesale Grocer"
"Juliette, GA Distribution Service"
"Meansville, GA Wholesaler"
"Meansville, GA Wolesale Grocer"
"Meansville, GA Distribution Service"
"Climax, GA Wholesaler"
"Climax, GA Wolesale Grocer"
"Climax, GA Distribution Service"
"Everett, GA Wholesaler"
"Everett, GA Wolesale Grocer"
"Everett, GA Distribution Service"
"Graham, GA Wholesaler"
"Graham, GA Wolesale Grocer"
"Graham, GA Distribution Service"
"Carlton and Shady Dale, GA Wholesaler"
"Carlton and Shady Dale, GA Wolesale Grocer"
"Carlton and Shady Dale, GA Distribution Service"
"Garfield and Fargo, GA Wholesaler"
"Garfield and Fargo, GA Wolesale Grocer"
"Garfield and Fargo, GA Distribution Service"
"Taylorsville, GA Wholesaler"
"Taylorsville, GA Wolesale Grocer"
"Taylorsville, GA Distribution Service"
"White Plains, GA Wholesaler"
"White Plains, GA Wolesale Grocer"
"White Plains, GA Distribution Service"
"Pitts, GA Wholesaler"
"Pitts, GA Wolesale Grocer"
"Pitts, GA Distribution Service"
"Gumbranch, GA Wholesaler"
"Gumbranch, GA Wolesale Grocer"
"Gumbranch, GA Distribution Service"
"Waverly, GA Wholesaler"
"Waverly, GA Wolesale Grocer"
"Waverly, GA Distribution Service"
"Avalon, GA Wholesaler"
"Avalon, GA Wolesale Grocer"
"Avalon, GA Distribution Service"
"Andersonville, GA Wholesaler"
"Andersonville, GA Wolesale Grocer"
"Andersonville, GA Distribution Service"
"Hull and Stockton, GA Wholesaler"
"Hull and Stockton, GA Wolesale Grocer"
"Hull and Stockton, GA Distribution Service"
"Roopville, GA Wholesaler"
"Roopville, GA Wolesale Grocer"
"Roopville, GA Distribution Service"
"Hickox, GA Wholesaler"
"Hickox, GA Wolesale Grocer"
"Hickox, GA Distribution Service"
"Orchard Hill, GA Wholesaler"
"Orchard Hill, GA Wolesale Grocer"
"Orchard Hill, GA Distribution Service"
"Avera, GA Wholesaler"
"Avera, GA Wolesale Grocer"
"Avera, GA Distribution Service"
"Carl, GA Wholesaler"
"Carl, GA Wolesale Grocer"
"Carl, GA Distribution Service"
"Brinson, GA Wholesaler"
"Brinson, GA Wolesale Grocer"
"Brinson, GA Distribution Service"
"Ellenton, GA Wholesaler"
"Ellenton, GA Wolesale Grocer"
"Ellenton, GA Distribution Service"
"Oliver, GA Wholesaler"
"Oliver, GA Wolesale Grocer"
"Oliver, GA Distribution Service"
"Culloden, GA Wholesaler"
"Culloden, GA Wolesale Grocer"
"Culloden, GA Distribution Service"
"Norwood, Damascus, Woolsey, and Lexington, GA Wholesaler"
"Norwood, Damascus, Woolsey, and Lexington, GA Wolesale Grocer"
"Norwood, Damascus, Woolsey, and Lexington, GA Distribution Service"
"Rebecca and Dixie, GA Wholesaler"
"Rebecca and Dixie, GA Wolesale Grocer"
"Rebecca and Dixie, GA Distribution Service"
"Sunny Side and Santa Claus, GA Wholesaler"
"Sunny Side and Santa Claus, GA Wolesale Grocer"
"Sunny Side and Santa Claus, GA Distribution Service"
"Maxeys and Wenona, GA Wholesaler"
"Maxeys and Wenona, GA Wolesale Grocer"
"Maxeys and Wenona, GA Distribution Service"
"Montrose, GA Wholesaler"
"Montrose, GA Wolesale Grocer"
"Montrose, GA Distribution Service"
"Tallulah Falls, GA Wholesaler"
"Tallulah Falls, GA Wolesale Grocer"
"Tallulah Falls, GA Distribution Service"
"Siloam and Pulaski, GA Wholesaler"
"Siloam and Pulaski, GA Wolesale Grocer"
"Siloam and Pulaski, GA Distribution Service"
"Buckhead and Surrency, GA Wholesaler"
"Buckhead and Surrency, GA Wolesale Grocer"
"Buckhead and Surrency, GA Distribution Service"
"Argyle, GA Wholesaler"
"Argyle, GA Wolesale Grocer"
"Argyle, GA Distribution Service"
"Allentown, GA Wholesaler"
"Allentown, GA Wolesale Grocer"
"Allentown, GA Distribution Service"
"Oconee, GA Wholesaler"
"Oconee, GA Wolesale Grocer"
"Oconee, GA Distribution Service"
"Denton, GA Wholesaler"
"Denton, GA Wolesale Grocer"
"Denton, GA Distribution Service"
"Bartow, GA Wholesaler"
"Bartow, GA Wolesale Grocer"
"Bartow, GA Distribution Service"
"Scotland, GA Wholesaler"
"Scotland, GA Wolesale Grocer"
"Scotland, GA Distribution Service"
"Girard, GA Wholesaler"
"Girard, GA Wolesale Grocer"
"Girard, GA Distribution Service"
"Satilla, GA Wholesaler"
"Satilla, GA Wolesale Grocer"
"Satilla, GA Distribution Service"
"Alston, GA Wholesaler"
"Alston, GA Wolesale Grocer"
"Alston, GA Distribution Service"
"Haralson, GA Wholesaler"
"Haralson, GA Wolesale Grocer"
"Haralson, GA Distribution Service"
"Danville, GA Wholesaler"
"Danville, GA Wolesale Grocer"
"Danville, GA Distribution Service"
"Kite, GA Wholesaler"
"Kite, GA Wolesale Grocer"
"Kite, GA Distribution Service"
"Rocky Ford, GA Wholesaler"
"Rocky Ford, GA Wolesale Grocer"
"Rocky Ford, GA Distribution Service"
"Register, GA Wholesaler"
"Register, GA Wolesale Grocer"
"Register, GA Distribution Service"
"Dewy Rose, GA Wholesaler"
"Dewy Rose, GA Wolesale Grocer"
"Dewy Rose, GA Distribution Service"
"Gough, GA Wholesaler"
"Gough, GA Wolesale Grocer"
"Gough, GA Distribution Service"
"Daisy, GA Wholesaler"
"Daisy, GA Wolesale Grocer"
"Daisy, GA Distribution Service"
"Rayle, GA Wholesaler"
"Rayle, GA Wolesale Grocer"
"Rayle, GA Distribution Service"
"Mitchell, GA Wholesaler"
"Mitchell, GA Wolesale Grocer"
"Mitchell, GA Distribution Service"
"Jersey, GA Wholesaler"
"Jersey, GA Wolesale Grocer"
"Jersey, GA Distribution Service"
"Warthen, GA Wholesaler"
"Warthen, GA Wolesale Grocer"
"Warthen, GA Distribution Service"
"Faceville and Mendes, GA Wholesaler"
"Faceville and Mendes, GA Wolesale Grocer"
"Faceville and Mendes, GA Distribution Service"
"Junction City, GA Wholesaler"
"Junction City, GA Wolesale Grocer"
"Junction City, GA Distribution Service"
"Knoxville and Vernonburg, GA Wholesaler"
"Knoxville and Vernonburg, GA Wolesale Grocer"
"Knoxville and Vernonburg, GA Distribution Service"
"Camak, GA Wholesaler"
"Camak, GA Wolesale Grocer"
"Camak, GA Distribution Service"
"Nunez, GA Wholesaler"
"Nunez, GA Wolesale Grocer"
"Nunez, GA Distribution Service"
"Lilly, GA Wholesaler"
"Lilly, GA Wolesale Grocer"
"Lilly, GA Distribution Service"
"Du Pont, GA Wholesaler"
"Du Pont, GA Wolesale Grocer"
"Du Pont, GA Distribution Service"
"Jakin, GA Wholesaler"
"Jakin, GA Wolesale Grocer"
"Jakin, GA Distribution Service"
"Bellville and Godfrey, GA Wholesaler"
"Bellville and Godfrey, GA Wolesale Grocer"
"Bellville and Godfrey, GA Distribution Service"
"De Soto, GA Wholesaler"
"De Soto, GA Wolesale Grocer"
"De Soto, GA Distribution Service"
"Summertown, GA Wholesaler"
"Summertown, GA Wolesale Grocer"
"Summertown, GA Distribution Service"
"Box Springs, GA Wholesaler"
"Box Springs, GA Wolesale Grocer"
"Box Springs, GA Distribution Service"
"Jacksonville, GA Wholesaler"
"Jacksonville, GA Wolesale Grocer"
"Jacksonville, GA Distribution Service"
"Lone Oak, Bluffton, Gay, and Parrott, GA Wholesaler"
"Lone Oak, Bluffton, Gay, and Parrott, GA Wolesale Grocer"
"Lone Oak, Bluffton, Gay, and Parrott, GA Distribution Service"
"Deepstep, GA Wholesaler"
"Deepstep, GA Wolesale Grocer"
"Deepstep, GA Distribution Service"
"Calvary, GA Wholesaler"
"Calvary, GA Wolesale Grocer"
"Calvary, GA Distribution Service"
"Ranger, GA Wholesaler"
"Ranger, GA Wolesale Grocer"
"Ranger, GA Distribution Service"
"Sharon, GA Wholesaler"
"Sharon, GA Wolesale Grocer"
"Sharon, GA Distribution Service"
"Matthews, GA Wholesaler"
"Matthews, GA Wolesale Grocer"
"Matthews, GA Distribution Service"
"Vidette and Hilltop, GA Wholesaler"
"Vidette and Hilltop, GA Wolesale Grocer"
"Vidette and Hilltop, GA Distribution Service"
"The Rock, GA Wholesaler"
"The Rock, GA Wolesale Grocer"
"The Rock, GA Distribution Service"
"Talking Rock, GA Wholesaler"
"Talking Rock, GA Wolesale Grocer"
"Talking Rock, GA Distribution Service"
"Rockingham, GA Wholesaler"
"Rockingham, GA Wolesale Grocer"
"Rockingham, GA Distribution Service"
"Cedar Springs, GA Wholesaler"
"Cedar Springs, GA Wolesale Grocer"
"Cedar Springs, GA Distribution Service"
"Riddleville, GA Wholesaler"
"Riddleville, GA Wolesale Grocer"
"Riddleville, GA Distribution Service"
"Geneva, GA Wholesaler"
"Geneva, GA Wolesale Grocer"
"Geneva, GA Distribution Service"
"Musella, GA Wholesaler"
"Musella, GA Wolesale Grocer"
"Musella, GA Distribution Service"
"Naylor, GA Wholesaler"
"Naylor, GA Wolesale Grocer"
"Naylor, GA Distribution Service"
"Dooling, GA Wholesaler"
"Dooling, GA Wolesale Grocer"
"Dooling, GA Distribution Service"
"Tarrytown, GA Wholesaler"
"Tarrytown, GA Wolesale Grocer"
"Tarrytown, GA Distribution Service"
"Seville, GA Wholesaler"
"Seville, GA Wolesale Grocer"
"Seville, GA Distribution Service"
"Gardi, GA Wholesaler"
"Gardi, GA Wolesale Grocer"
"Gardi, GA Distribution Service"
"Manassas, GA Wholesaler"
"Manassas, GA Wolesale Grocer"
"Manassas, GA Distribution Service"
"Ohoopee and Glenn, GA Wholesaler"
"Ohoopee and Glenn, GA Wolesale Grocer"
"Ohoopee and Glenn, GA Distribution Service"
"Mershon, GA Wholesaler"
"Mershon, GA Wolesale Grocer"
"Mershon, GA Distribution Service"
"Rest Haven, GA Wholesaler"
"Rest Haven, GA Wolesale Grocer"
"Rest Haven, GA Distribution Service"
"Perkins, GA Wholesaler"
"Perkins, GA Wolesale Grocer"
"Perkins, GA Distribution Service"
"Canoochee, GA Wholesaler"
"Canoochee, GA Wolesale Grocer"
"Canoochee, GA Distribution Service"
"Bristol, GA Wholesaler"
"Bristol, GA Wolesale Grocer"
"Bristol, GA Distribution Service"
"Coleman, GA Wholesaler"
"Coleman, GA Wolesale Grocer"
"Coleman, GA Distribution Service"
"Dixie Union, GA Wholesaler"
"Dixie Union, GA Wolesale Grocer"
"Dixie Union, GA Distribution Service"
"Norristown, GA Wholesaler"
"Norristown, GA Wolesale Grocer"
"Norristown, GA Distribution Service"
"Boykin, GA Wholesaler"
"Boykin, GA Wolesale Grocer"
"Boykin, GA Distribution Service"
"Tazewell and Cogdell, GA Wholesaler"
"Tazewell and Cogdell, GA Wolesale Grocer"
"Tazewell and Cogdell, GA Distribution Service"
"Edge Hill, GA Wholesaler"
"Edge Hill, GA Wolesale Grocer"
"Edge Hill, GA Distribution Service"
"Manor, GA Wholesaler"
"Manor, GA Wolesale Grocer"
"Manor, GA Distribution Service"